train_loss,epoch,step
0.88666832447052,0,49
0.8765718340873718,0,99
0.6151912212371826,0,149
0.44368430972099304,0,199
0.5791065096855164,0,249
0.45282769203186035,0,299
0.28903594613075256,0,349
0.3113758862018585,0,399
0.3534540832042694,0,449
0.2973962724208832,0,499
0.31512534618377686,0,549
0.2615791857242584,0,599
0.26097527146339417,0,649
0.2368328720331192,0,699
0.18332549929618835,0,749
0.1770424246788025,0,799
0.2408865988254547,0,849
